,File,Time,Q
0,/run/media/einstein/Elements/CR160_data/CR160_-1353V_LED_3.7V_1kHz_29.8ns_20us_SyncTrigger/C4--w--00056.csv,3.8004859e-06,-4.5317283813355875e-13
1,/run/media/einstein/Elements/CR160_data/CR160_-1353V_LED_3.7V_1kHz_29.8ns_20us_SyncTrigger/C4--w--00086.csv,7.1673467e-06,-4.690648760761019e-11
2,/run/media/einstein/Elements/CR160_data/CR160_-1353V_LED_3.7V_1kHz_29.8ns_20us_SyncTrigger/C4--w--00092.csv,1.4830168e-05,-3.5446823287276776e-11
3,/run/media/einstein/Elements/CR160_data/CR160_-1353V_LED_3.7V_1kHz_29.8ns_20us_SyncTrigger/C4--w--00097.csv,1.0768305e-05,-4.410432999751545e-11
4,/run/media/einstein/Elements/CR160_data/CR160_-1353V_LED_3.7V_1kHz_29.8ns_20us_SyncTrigger/C4--w--00153.csv,9.1711578e-06,-2.8494534971123694e-11
5,/run/media/einstein/Elements/CR160_data/CR160_-1353V_LED_3.7V_1kHz_29.8ns_20us_SyncTrigger/C4--w--00153.csv,1.6168758e-05,-2.1507965511231377e-12
6,/run/media/einstein/Elements/CR160_data/CR160_-1353V_LED_3.7V_1kHz_29.8ns_20us_SyncTrigger/C4--w--00178.csv,2.6507045e-06,-3.113632087412398e-11
7,/run/media/einstein/Elements/CR160_data/CR160_-1353V_LED_3.7V_1kHz_29.8ns_20us_SyncTrigger/C4--w--00217.csv,1.3032437e-05,-5.995662259512811e-11
8,/run/media/einstein/Elements/CR160_data/CR160_-1353V_LED_3.7V_1kHz_29.8ns_20us_SyncTrigger/C4--w--00268.csv,1.3281417e-05,-3.6913651520557373e-11
9,/run/media/einstein/Elements/CR160_data/CR160_-1353V_LED_3.7V_1kHz_29.8ns_20us_SyncTrigger/C4--w--00304.csv,1.140332e-05,-3.336596824531169e-11
10,/run/media/einstein/Elements/CR160_data/CR160_-1353V_LED_3.7V_1kHz_29.8ns_20us_SyncTrigger/C4--w--00316.csv,1.0592183e-06,-7.412865832058974e-11
11,/run/media/einstein/Elements/CR160_data/CR160_-1353V_LED_3.7V_1kHz_29.8ns_20us_SyncTrigger/C4--w--00323.csv,1.3341762e-05,-3.815290130897913e-11
12,/run/media/einstein/Elements/CR160_data/CR160_-1353V_LED_3.7V_1kHz_29.8ns_20us_SyncTrigger/C4--w--00350.csv,5.63263e-06,-4.9844282347572704e-12
13,/run/media/einstein/Elements/CR160_data/CR160_-1353V_LED_3.7V_1kHz_29.8ns_20us_SyncTrigger/C4--w--00378.csv,5.0875167e-06,2.9851873787078607e-12
14,/run/media/einstein/Elements/CR160_data/CR160_-1353V_LED_3.7V_1kHz_29.8ns_20us_SyncTrigger/C4--w--00393.csv,1.1625744e-05,-3.911221626526953e-11
15,/run/media/einstein/Elements/CR160_data/CR160_-1353V_LED_3.7V_1kHz_29.8ns_20us_SyncTrigger/C4--w--00402.csv,1.651894e-05,4.4627525233249285e-12
16,/run/media/einstein/Elements/CR160_data/CR160_-1353V_LED_3.7V_1kHz_29.8ns_20us_SyncTrigger/C4--w--00402.csv,1.741334e-05,-2.1276848226675977e-11
17,/run/media/einstein/Elements/CR160_data/CR160_-1353V_LED_3.7V_1kHz_29.8ns_20us_SyncTrigger/C4--w--00409.csv,1.5783518e-05,-7.105519864207495e-11
18,/run/media/einstein/Elements/CR160_data/CR160_-1353V_LED_3.7V_1kHz_29.8ns_20us_SyncTrigger/C4--w--00410.csv,8.1806171e-07,-1.368043627765391e-10
19,/run/media/einstein/Elements/CR160_data/CR160_-1353V_LED_3.7V_1kHz_29.8ns_20us_SyncTrigger/C4--w--00410.csv,8.1806171e-07,-1.368043627765391e-10
20,/run/media/einstein/Elements/CR160_data/CR160_-1353V_LED_3.7V_1kHz_29.8ns_20us_SyncTrigger/C4--w--00446.csv,1.7503106e-05,-4.869909787797494e-11
21,/run/media/einstein/Elements/CR160_data/CR160_-1353V_LED_3.7V_1kHz_29.8ns_20us_SyncTrigger/C4--w--00450.csv,7.6353898e-06,-3.443674315277713e-11
22,/run/media/einstein/Elements/CR160_data/CR160_-1353V_LED_3.7V_1kHz_29.8ns_20us_SyncTrigger/C4--w--00450.csv,7.6311898e-06,-3.459299331277809e-11
23,/run/media/einstein/Elements/CR160_data/CR160_-1353V_LED_3.7V_1kHz_29.8ns_20us_SyncTrigger/C4--w--00487.csv,1.6402303e-05,-3.77206596213796e-11
24,/run/media/einstein/Elements/CR160_data/CR160_-1353V_LED_3.7V_1kHz_29.8ns_20us_SyncTrigger/C4--w--00525.csv,1.0787634e-05,-4.397461721825966e-11
25,/run/media/einstein/Elements/CR160_data/CR160_-1353V_LED_3.7V_1kHz_29.8ns_20us_SyncTrigger/C4--w--00535.csv,5.6424731e-06,1.161225503744376e-12
26,/run/media/einstein/Elements/CR160_data/CR160_-1353V_LED_3.7V_1kHz_29.8ns_20us_SyncTrigger/C4--w--00566.csv,2.6059266e-06,-4.5731404083601234e-11
27,/run/media/einstein/Elements/CR160_data/CR160_-1353V_LED_3.7V_1kHz_29.8ns_20us_SyncTrigger/C4--w--00668.csv,3.9961156e-06,-4.6977892879025056e-11
28,/run/media/einstein/Elements/CR160_data/CR160_-1353V_LED_3.7V_1kHz_29.8ns_20us_SyncTrigger/C4--w--00677.csv,4.6304e-06,-4.596168022448308e-11
29,/run/media/einstein/Elements/CR160_data/CR160_-1353V_LED_3.7V_1kHz_29.8ns_20us_SyncTrigger/C4--w--00725.csv,2.8266783e-06,-3.510295062236389e-11
30,/run/media/einstein/Elements/CR160_data/CR160_-1353V_LED_3.7V_1kHz_29.8ns_20us_SyncTrigger/C4--w--00760.csv,1.6302335e-06,-4.372144542727506e-11
31,/run/media/einstein/Elements/CR160_data/CR160_-1353V_LED_3.7V_1kHz_29.8ns_20us_SyncTrigger/C4--w--00662.csv,9.6922713e-06,-4.276191510427594e-11
32,/run/media/einstein/Elements/CR160_data/CR160_-1353V_LED_3.7V_1kHz_29.8ns_20us_SyncTrigger/C4--w--02991.csv,2.7325782e-06,-3.0067844386152844e-11
33,/run/media/einstein/Elements/CR160_data/CR160_-1353V_LED_3.7V_1kHz_29.8ns_20us_SyncTrigger/C4--w--02991.csv,2.7323782e-06,-2.9932427786152834e-11
34,/run/media/einstein/Elements/CR160_data/CR160_-1353V_LED_3.7V_1kHz_29.8ns_20us_SyncTrigger/C4--w--00898.csv,6.4876774e-06,-1.7717217896053154e-11
35,/run/media/einstein/Elements/CR160_data/CR160_-1353V_LED_3.7V_1kHz_29.8ns_20us_SyncTrigger/C4--w--00898.csv,1.2408477e-05,-4.0029706626052494e-11
36,/run/media/einstein/Elements/CR160_data/CR160_-1353V_LED_3.7V_1kHz_29.8ns_20us_SyncTrigger/C4--w--00983.csv,1.2355039e-05,2.361009151648448e-12
37,/run/media/einstein/Elements/CR160_data/CR160_-1353V_LED_3.7V_1kHz_29.8ns_20us_SyncTrigger/C4--w--00985.csv,1.8989286e-07,-7.788377370335531e-11
38,/run/media/einstein/Elements/CR160_data/CR160_-1353V_LED_3.7V_1kHz_29.8ns_20us_SyncTrigger/C4--w--01024.csv,1.8136972e-06,3.648544780146914e-12
39,/run/media/einstein/Elements/CR160_data/CR160_-1353V_LED_3.7V_1kHz_29.8ns_20us_SyncTrigger/C4--w--01024.csv,1.7936972e-06,4.63812426014679e-12
40,/run/media/einstein/Elements/CR160_data/CR160_-1353V_LED_3.7V_1kHz_29.8ns_20us_SyncTrigger/C4--w--01024.csv,4.5360972e-06,-4.1726464559853334e-11
41,/run/media/einstein/Elements/CR160_data/CR160_-1353V_LED_3.7V_1kHz_29.8ns_20us_SyncTrigger/C4--w--01024.csv,1.0212097e-05,-4.074730241985587e-11
42,/run/media/einstein/Elements/CR160_data/CR160_-1353V_LED_3.7V_1kHz_29.8ns_20us_SyncTrigger/C4--w--01042.csv,2.8641432e-06,-2.4908163749751446e-10
43,/run/media/einstein/Elements/CR160_data/CR160_-1353V_LED_3.7V_1kHz_29.8ns_20us_SyncTrigger/C4--w--01042.csv,2.8625432e-06,-2.5575871969751503e-10
44,/run/media/einstein/Elements/CR160_data/CR160_-1353V_LED_3.7V_1kHz_29.8ns_20us_SyncTrigger/C4--w--01073.csv,3.4685732e-06,-4.754343688808705e-12
45,/run/media/einstein/Elements/CR160_data/CR160_-1353V_LED_3.7V_1kHz_29.8ns_20us_SyncTrigger/C4--w--01073.csv,3.6671732e-06,-4.316857988808781e-12
46,/run/media/einstein/Elements/CR160_data/CR160_-1353V_LED_3.7V_1kHz_29.8ns_20us_SyncTrigger/C4--w--01073.csv,1.7665573e-05,-5.585852816880507e-11
47,/run/media/einstein/Elements/CR160_data/CR160_-1353V_LED_3.7V_1kHz_29.8ns_20us_SyncTrigger/C4--w--01091.csv,1.4480898e-05,-1.4078099654120608e-11
48,/run/media/einstein/Elements/CR160_data/CR160_-1353V_LED_3.7V_1kHz_29.8ns_20us_SyncTrigger/C4--w--01091.csv,1.5679898e-05,-2.825518127411931e-11
49,/run/media/einstein/Elements/CR160_data/CR160_-1353V_LED_3.7V_1kHz_29.8ns_20us_SyncTrigger/C4--w--01098.csv,1.6181176e-05,-1.9658748445867806e-11
50,/run/media/einstein/Elements/CR160_data/CR160_-1353V_LED_3.7V_1kHz_29.8ns_20us_SyncTrigger/C4--w--01098.csv,1.8652176e-05,-3.925249570586012e-11
51,/run/media/einstein/Elements/CR160_data/CR160_-1353V_LED_3.7V_1kHz_29.8ns_20us_SyncTrigger/C4--w--01178.csv,1.6128447e-05,-3.4693588873854235e-11
52,/run/media/einstein/Elements/CR160_data/CR160_-1353V_LED_3.7V_1kHz_29.8ns_20us_SyncTrigger/C4--w--01207.csv,1.2595097e-06,-2.615215273856077e-11
53,/run/media/einstein/Elements/CR160_data/CR160_-1353V_LED_3.7V_1kHz_29.8ns_20us_SyncTrigger/C4--w--01220.csv,7.0195982e-07,-3.072393897925359e-11
54,/run/media/einstein/Elements/CR160_data/CR160_-1353V_LED_3.7V_1kHz_29.8ns_20us_SyncTrigger/C4--w--01220.csv,7.0115982e-07,-3.022393897925362e-11
55,/run/media/einstein/Elements/CR160_data/CR160_-1353V_LED_3.7V_1kHz_29.8ns_20us_SyncTrigger/C4--w--01220.csv,6.9935982e-07,-2.99218554792536e-11
56,/run/media/einstein/Elements/CR160_data/CR160_-1353V_LED_3.7V_1kHz_29.8ns_20us_SyncTrigger/C4--w--01352.csv,1.2055623e-05,-2.7164296153617816e-11
57,/run/media/einstein/Elements/CR160_data/CR160_-1353V_LED_3.7V_1kHz_29.8ns_20us_SyncTrigger/C4--w--01352.csv,1.2680223e-05,-1.569348577536175e-10
58,/run/media/einstein/Elements/CR160_data/CR160_-1353V_LED_3.7V_1kHz_29.8ns_20us_SyncTrigger/C4--w--01356.csv,3.7122323e-06,1.4054588088138086e-12
59,/run/media/einstein/Elements/CR160_data/CR160_-1353V_LED_3.7V_1kHz_29.8ns_20us_SyncTrigger/C4--w--01360.csv,8.0693915e-06,-5.2917789969434914e-12
60,/run/media/einstein/Elements/CR160_data/CR160_-1353V_LED_3.7V_1kHz_29.8ns_20us_SyncTrigger/C4--w--01567.csv,2.2215144e-06,-2.816270971172882e-11
61,/run/media/einstein/Elements/CR160_data/CR160_-1353V_LED_3.7V_1kHz_29.8ns_20us_SyncTrigger/C4--w--01577.csv,8.9897054e-06,-2.651212092364538e-11
62,/run/media/einstein/Elements/CR160_data/CR160_-1353V_LED_3.7V_1kHz_29.8ns_20us_SyncTrigger/C4--w--01577.csv,1.7879305e-05,-4.9126703873643844e-11
63,/run/media/einstein/Elements/CR160_data/CR160_-1353V_LED_3.7V_1kHz_29.8ns_20us_SyncTrigger/C4--w--01680.csv,1.2235022e-06,-3.283208048484702e-11
64,/run/media/einstein/Elements/CR160_data/CR160_-1353V_LED_3.7V_1kHz_29.8ns_20us_SyncTrigger/C4--w--01713.csv,1.8088303e-06,-2.397802203877411e-11
65,/run/media/einstein/Elements/CR160_data/CR160_-1353V_LED_3.7V_1kHz_29.8ns_20us_SyncTrigger/C4--w--01761.csv,1.3826086e-05,-3.2129772808908536e-11
66,/run/media/einstein/Elements/CR160_data/CR160_-1353V_LED_3.7V_1kHz_29.8ns_20us_SyncTrigger/C4--w--01818.csv,1.68623e-05,-2.7564860168127213e-11
67,/run/media/einstein/Elements/CR160_data/CR160_-1353V_LED_3.7V_1kHz_29.8ns_20us_SyncTrigger/C4--w--01771.csv,8.4265319e-06,-2.8828230027451816e-11
68,/run/media/einstein/Elements/CR160_data/CR160_-1353V_LED_3.7V_1kHz_29.8ns_20us_SyncTrigger/C4--w--01796.csv,1.7858328e-05,-2.699221434520866e-11
69,/run/media/einstein/Elements/CR160_data/CR160_-1353V_LED_3.7V_1kHz_29.8ns_20us_SyncTrigger/C4--w--01811.csv,1.1509563e-06,-3.3372783568966666e-11
70,/run/media/einstein/Elements/CR160_data/CR160_-1353V_LED_3.7V_1kHz_29.8ns_20us_SyncTrigger/C4--w--01816.csv,6.2466713e-06,-5.3378496186449585e-11
71,/run/media/einstein/Elements/CR160_data/CR160_-1353V_LED_3.7V_1kHz_29.8ns_20us_SyncTrigger/C4--w--01816.csv,6.2418713e-06,-5.330557746644939e-11
72,/run/media/einstein/Elements/CR160_data/CR160_-1353V_LED_3.7V_1kHz_29.8ns_20us_SyncTrigger/C4--w--01820.csv,1.8105851e-07,-1.8366284972718205e-11
73,/run/media/einstein/Elements/CR160_data/CR160_-1353V_LED_3.7V_1kHz_29.8ns_20us_SyncTrigger/C4--w--01893.csv,8.2161054e-06,-4.264387840292988e-11
74,/run/media/einstein/Elements/CR160_data/CR160_-1353V_LED_3.7V_1kHz_29.8ns_20us_SyncTrigger/C4--w--01925.csv,1.4826327e-05,-4.8231281371130506e-11
75,/run/media/einstein/Elements/CR160_data/CR160_-1353V_LED_3.7V_1kHz_29.8ns_20us_SyncTrigger/C4--w--01926.csv,7.5790858e-07,-1.986013828608993e-12
76,/run/media/einstein/Elements/CR160_data/CR160_-1353V_LED_3.7V_1kHz_29.8ns_20us_SyncTrigger/C4--w--01926.csv,7.5790858e-07,-1.986013828608993e-12
77,/run/media/einstein/Elements/CR160_data/CR160_-1353V_LED_3.7V_1kHz_29.8ns_20us_SyncTrigger/C4--w--01955.csv,1.1323075e-05,-3.246215524694488e-11
78,/run/media/einstein/Elements/CR160_data/CR160_-1353V_LED_3.7V_1kHz_29.8ns_20us_SyncTrigger/C4--w--01969.csv,1.3505415e-06,-4.21835383327941e-12
79,/run/media/einstein/Elements/CR160_data/CR160_-1353V_LED_3.7V_1kHz_29.8ns_20us_SyncTrigger/C4--w--01969.csv,3.9629415e-06,-2.9530860023279556e-11
80,/run/media/einstein/Elements/CR160_data/CR160_-1353V_LED_3.7V_1kHz_29.8ns_20us_SyncTrigger/C4--w--01988.csv,1.4245423e-05,-2.1237332585767786e-12
81,/run/media/einstein/Elements/CR160_data/CR160_-1353V_LED_3.7V_1kHz_29.8ns_20us_SyncTrigger/C4--w--02073.csv,1.9624865e-06,-2.8779273513527715e-11
82,/run/media/einstein/Elements/CR160_data/CR160_-1353V_LED_3.7V_1kHz_29.8ns_20us_SyncTrigger/C4--w--02088.csv,4.5820067e-06,-3.892228735245556e-11
83,/run/media/einstein/Elements/CR160_data/CR160_-1353V_LED_3.7V_1kHz_29.8ns_20us_SyncTrigger/C4--w--02088.csv,4.5782067e-06,-3.9193120902455626e-11
84,/run/media/einstein/Elements/CR160_data/CR160_-1353V_LED_3.7V_1kHz_29.8ns_20us_SyncTrigger/C4--w--02088.csv,4.5780067e-06,-3.9307703902455874e-11
85,/run/media/einstein/Elements/CR160_data/CR160_-1353V_LED_3.7V_1kHz_29.8ns_20us_SyncTrigger/C4--w--02206.csv,5.8044466e-06,-4.396349148103077e-11
86,/run/media/einstein/Elements/CR160_data/CR160_-1353V_LED_3.7V_1kHz_29.8ns_20us_SyncTrigger/C4--w--02242.csv,6.0204949e-06,-2.8327744851738685e-11
87,/run/media/einstein/Elements/CR160_data/CR160_-1353V_LED_3.7V_1kHz_29.8ns_20us_SyncTrigger/C4--w--02396.csv,5.5952073e-06,-4.628250775727521e-11
88,/run/media/einstein/Elements/CR160_data/CR160_-1353V_LED_3.7V_1kHz_29.8ns_20us_SyncTrigger/C4--w--02396.csv,1.1956807e-05,-4.7147088017273676e-11
89,/run/media/einstein/Elements/CR160_data/CR160_-1353V_LED_3.7V_1kHz_29.8ns_20us_SyncTrigger/C4--w--02343.csv,9.9797263e-06,-2.4759407587626587e-11
90,/run/media/einstein/Elements/CR160_data/CR160_-1353V_LED_3.7V_1kHz_29.8ns_20us_SyncTrigger/C4--w--02343.csv,1.0490126e-05,-5.494703752586027e-11
91,/run/media/einstein/Elements/CR160_data/CR160_-1353V_LED_3.7V_1kHz_29.8ns_20us_SyncTrigger/C4--w--02472.csv,1.145389e-05,-3.147368703160551e-11
92,/run/media/einstein/Elements/CR160_data/CR160_-1353V_LED_3.7V_1kHz_29.8ns_20us_SyncTrigger/C4--w--02549.csv,1.2751458e-06,-2.605032084138879e-11
93,/run/media/einstein/Elements/CR160_data/CR160_-1353V_LED_3.7V_1kHz_29.8ns_20us_SyncTrigger/C4--w--02549.csv,1.2735458e-06,-2.551907096138886e-11
94,/run/media/einstein/Elements/CR160_data/CR160_-1353V_LED_3.7V_1kHz_29.8ns_20us_SyncTrigger/C4--w--02551.csv,1.9086048e-05,-4.709273674908478e-11
95,/run/media/einstein/Elements/CR160_data/CR160_-1353V_LED_3.7V_1kHz_29.8ns_20us_SyncTrigger/C4--w--02578.csv,3.1313624e-06,-1.659923041437864e-11
96,/run/media/einstein/Elements/CR160_data/CR160_-1353V_LED_3.7V_1kHz_29.8ns_20us_SyncTrigger/C4--w--02604.csv,3.5607196e-06,-3.624414233378054e-11
97,/run/media/einstein/Elements/CR160_data/CR160_-1353V_LED_3.7V_1kHz_29.8ns_20us_SyncTrigger/C4--w--02641.csv,1.0627521e-05,-1.5079922491322922e-12
98,/run/media/einstein/Elements/CR160_data/CR160_-1353V_LED_3.7V_1kHz_29.8ns_20us_SyncTrigger/C4--w--02700.csv,1.383338e-06,-3.268990737599931e-11
99,/run/media/einstein/Elements/CR160_data/CR160_-1353V_LED_3.7V_1kHz_29.8ns_20us_SyncTrigger/C4--w--02716.csv,1.2079865e-05,-6.130090713156497e-11
100,/run/media/einstein/Elements/CR160_data/CR160_-1353V_LED_3.7V_1kHz_29.8ns_20us_SyncTrigger/C4--w--02716.csv,1.3277865e-05,-2.206129574515593e-10
101,/run/media/einstein/Elements/CR160_data/CR160_-1353V_LED_3.7V_1kHz_29.8ns_20us_SyncTrigger/C4--w--02716.csv,1.2074865e-05,-6.148840655156515e-11
102,/run/media/einstein/Elements/CR160_data/CR160_-1353V_LED_3.7V_1kHz_29.8ns_20us_SyncTrigger/C4--w--02774.csv,1.3255429e-06,-2.398707048291375e-11
103,/run/media/einstein/Elements/CR160_data/CR160_-1353V_LED_3.7V_1kHz_29.8ns_20us_SyncTrigger/C4--w--02774.csv,2.0491429e-06,-2.7178896453291385e-10
104,/run/media/einstein/Elements/CR160_data/CR160_-1353V_LED_3.7V_1kHz_29.8ns_20us_SyncTrigger/C4--w--02774.csv,1.3247429e-06,-2.3778737122913826e-11
105,/run/media/einstein/Elements/CR160_data/CR160_-1353V_LED_3.7V_1kHz_29.8ns_20us_SyncTrigger/C4--w--02736.csv,6.6061979e-07,-3.9307503838175333e-11
106,/run/media/einstein/Elements/CR160_data/CR160_-1353V_LED_3.7V_1kHz_29.8ns_20us_SyncTrigger/C4--w--02736.csv,6.5921979e-07,-3.8526253928175304e-11
107,/run/media/einstein/Elements/CR160_data/CR160_-1353V_LED_3.7V_1kHz_29.8ns_20us_SyncTrigger/C4--w--02736.csv,6.5521979e-07,-3.90783371581753e-11
108,/run/media/einstein/Elements/CR160_data/CR160_-1353V_LED_3.7V_1kHz_29.8ns_20us_SyncTrigger/C4--w--02806.csv,8.7597997e-06,2.6459105209012957e-12
109,/run/media/einstein/Elements/CR160_data/CR160_-1353V_LED_3.7V_1kHz_29.8ns_20us_SyncTrigger/C4--w--02806.csv,8.7393997e-06,2.4688243509007307e-12
110,/run/media/einstein/Elements/CR160_data/CR160_-1353V_LED_3.7V_1kHz_29.8ns_20us_SyncTrigger/C4--w--02816.csv,7.4112605e-06,-3.6790821618175e-11
111,/run/media/einstein/Elements/CR160_data/CR160_-1353V_LED_3.7V_1kHz_29.8ns_20us_SyncTrigger/C4--w--02818.csv,1.840718e-05,1.0723432700555454e-12
112,/run/media/einstein/Elements/CR160_data/CR160_-1353V_LED_3.7V_1kHz_29.8ns_20us_SyncTrigger/C4--w--02841.csv,1.1530757e-05,-4.172575908612841e-12
113,/run/media/einstein/Elements/CR160_data/CR160_-1353V_LED_3.7V_1kHz_29.8ns_20us_SyncTrigger/C4--w--02851.csv,1.4174656e-05,-1.405644208064364e-12
114,/run/media/einstein/Elements/CR160_data/CR160_-1353V_LED_3.7V_1kHz_29.8ns_20us_SyncTrigger/C4--w--02891.csv,1.2191286e-05,-1.8664418673331055e-11
115,/run/media/einstein/Elements/CR160_data/CR160_-1353V_LED_3.7V_1kHz_29.8ns_20us_SyncTrigger/C4--w--02917.csv,9.1331819e-07,-1.5144304985172564e-10
116,/run/media/einstein/Elements/CR160_data/CR160_-1353V_LED_3.7V_1kHz_29.8ns_20us_SyncTrigger/C4--w--02917.csv,9.0971819e-07,-1.554534658517256e-10
117,/run/media/einstein/Elements/CR160_data/CR160_-1353V_LED_3.7V_1kHz_29.8ns_20us_SyncTrigger/C4--w--02917.csv,9.1071819e-07,-1.5342221485172544e-10
118,/run/media/einstein/Elements/CR160_data/CR160_-1353V_LED_3.7V_1kHz_29.8ns_20us_SyncTrigger/C4--w--02950.csv,7.0883901e-06,2.8790955016027932e-12
119,/run/media/einstein/Elements/CR160_data/CR160_-1353V_LED_3.7V_1kHz_29.8ns_20us_SyncTrigger/C4--w--03012.csv,6.2567121e-06,-2.4823535976952404e-12
120,/run/media/einstein/Elements/CR160_data/CR160_-1353V_LED_3.7V_1kHz_29.8ns_20us_SyncTrigger/C4--w--03026.csv,9.9620961e-06,-3.626442420456144e-11
121,/run/media/einstein/Elements/CR160_data/CR160_-1353V_LED_3.7V_1kHz_29.8ns_20us_SyncTrigger/C4--w--03026.csv,1.4240096e-05,-5.08165138833129e-11
122,/run/media/einstein/Elements/CR160_data/CR160_-1353V_LED_3.7V_1kHz_29.8ns_20us_SyncTrigger/C4--w--03109.csv,1.1460254e-05,-2.7432395949959165e-12
123,/run/media/einstein/Elements/CR160_data/CR160_-1353V_LED_3.7V_1kHz_29.8ns_20us_SyncTrigger/C4--w--03109.csv,1.1440454e-05,-3.753662314995406e-12
124,/run/media/einstein/Elements/CR160_data/CR160_-1353V_LED_3.7V_1kHz_29.8ns_20us_SyncTrigger/C4--w--03117.csv,9.565391e-06,-2.9214374004271606e-11
125,/run/media/einstein/Elements/CR160_data/CR160_-1353V_LED_3.7V_1kHz_29.8ns_20us_SyncTrigger/C4--w--03117.csv,9.563991e-06,-2.857895756427233e-11
126,/run/media/einstein/Elements/CR160_data/CR160_-1353V_LED_3.7V_1kHz_29.8ns_20us_SyncTrigger/C4--w--03252.csv,5.4702731e-06,-2.815077463772147e-11
127,/run/media/einstein/Elements/CR160_data/CR160_-1353V_LED_3.7V_1kHz_29.8ns_20us_SyncTrigger/C4--w--03259.csv,4.9034952e-06,-3.249572853378616e-11
128,/run/media/einstein/Elements/CR160_data/CR160_-1353V_LED_3.7V_1kHz_29.8ns_20us_SyncTrigger/C4--w--03269.csv,4.4569042e-06,-3.953721515841734e-11
129,/run/media/einstein/Elements/CR160_data/CR160_-1353V_LED_3.7V_1kHz_29.8ns_20us_SyncTrigger/C4--w--03270.csv,1.4453907e-05,-4.305991372543129e-11
130,/run/media/einstein/Elements/CR160_data/CR160_-1353V_LED_3.7V_1kHz_29.8ns_20us_SyncTrigger/C4--w--03321.csv,5.6947801e-07,1.0654938384272866e-12
131,/run/media/einstein/Elements/CR160_data/CR160_-1353V_LED_3.7V_1kHz_29.8ns_20us_SyncTrigger/C4--w--03321.csv,7.6887801e-07,-1.7366083815727641e-12
132,/run/media/einstein/Elements/CR160_data/CR160_-1353V_LED_3.7V_1kHz_29.8ns_20us_SyncTrigger/C4--w--03349.csv,1.0729583e-05,-3.6655620432880233e-11
133,/run/media/einstein/Elements/CR160_data/CR160_-1353V_LED_3.7V_1kHz_29.8ns_20us_SyncTrigger/C4--w--03359.csv,9.6434929e-06,-4.295472994036574e-11
134,/run/media/einstein/Elements/CR160_data/CR160_-1353V_LED_3.7V_1kHz_29.8ns_20us_SyncTrigger/C4--w--03402.csv,9.0437476e-06,-3.71111512024294e-11
135,/run/media/einstein/Elements/CR160_data/CR160_-1353V_LED_3.7V_1kHz_29.8ns_20us_SyncTrigger/C4--w--03432.csv,2.8492489e-06,-3.7744620051338805e-11
136,/run/media/einstein/Elements/CR160_data/CR160_-1353V_LED_3.7V_1kHz_29.8ns_20us_SyncTrigger/C4--w--03448.csv,1.5622554e-05,-4.535409429716123e-11
137,/run/media/einstein/Elements/CR160_data/CR160_-1353V_LED_3.7V_1kHz_29.8ns_20us_SyncTrigger/C4--w--03456.csv,1.5682256e-06,-4.341819920205531e-11
138,/run/media/einstein/Elements/CR160_data/CR160_-1353V_LED_3.7V_1kHz_29.8ns_20us_SyncTrigger/C4--w--03516.csv,6.9988533e-06,-4.836823604048186e-11
139,/run/media/einstein/Elements/CR160_data/CR160_-1353V_LED_3.7V_1kHz_29.8ns_20us_SyncTrigger/C4--w--03545.csv,1.0118643e-05,5.34304300566269e-12
140,/run/media/einstein/Elements/CR160_data/CR160_-1353V_LED_3.7V_1kHz_29.8ns_20us_SyncTrigger/C4--w--03549.csv,1.6936716e-05,1.4550364758480966e-12
141,/run/media/einstein/Elements/CR160_data/CR160_-1353V_LED_3.7V_1kHz_29.8ns_20us_SyncTrigger/C4--w--03501.csv,4.7013001e-06,-3.440964919304479e-11
142,/run/media/einstein/Elements/CR160_data/CR160_-1353V_LED_3.7V_1kHz_29.8ns_20us_SyncTrigger/C4--w--03608.csv,7.0129354e-06,-3.0701903850223694e-11
143,/run/media/einstein/Elements/CR160_data/CR160_-1353V_LED_3.7V_1kHz_29.8ns_20us_SyncTrigger/C4--w--03614.csv,9.2766352e-06,-4.351441773581629e-11
144,/run/media/einstein/Elements/CR160_data/CR160_-1353V_LED_3.7V_1kHz_29.8ns_20us_SyncTrigger/C4--w--03614.csv,9.2736352e-06,-4.3441500695817714e-11
145,/run/media/einstein/Elements/CR160_data/CR160_-1353V_LED_3.7V_1kHz_29.8ns_20us_SyncTrigger/C4--w--03622.csv,1.4441032e-05,-2.6834799402314368e-11
146,/run/media/einstein/Elements/CR160_data/CR160_-1353V_LED_3.7V_1kHz_29.8ns_20us_SyncTrigger/C4--w--03627.csv,7.0004087e-06,-2.2528815661815653e-11
147,/run/media/einstein/Elements/CR160_data/CR160_-1353V_LED_3.7V_1kHz_29.8ns_20us_SyncTrigger/C4--w--03653.csv,1.2674408e-05,-9.47210808786586e-13
148,/run/media/einstein/Elements/CR160_data/CR160_-1353V_LED_3.7V_1kHz_29.8ns_20us_SyncTrigger/C4--w--03697.csv,1.5005386e-06,-4.740148047541632e-11
149,/run/media/einstein/Elements/CR160_data/CR160_-1353V_LED_3.7V_1kHz_29.8ns_20us_SyncTrigger/C4--w--03697.csv,1.4991386e-06,-4.647439730541627e-11
150,/run/media/einstein/Elements/CR160_data/CR160_-1353V_LED_3.7V_1kHz_29.8ns_20us_SyncTrigger/C4--w--03697.csv,1.4981386e-06,-4.6151480595416326e-11
151,/run/media/einstein/Elements/CR160_data/CR160_-1353V_LED_3.7V_1kHz_29.8ns_20us_SyncTrigger/C4--w--03769.csv,1.5399004e-05,-4.037071524785976e-11
152,/run/media/einstein/Elements/CR160_data/CR160_-1353V_LED_3.7V_1kHz_29.8ns_20us_SyncTrigger/C4--w--03793.csv,8.4686905e-06,-3.4191165388436205e-13
153,/run/media/einstein/Elements/CR160_data/CR160_-1353V_LED_3.7V_1kHz_29.8ns_20us_SyncTrigger/C4--w--03800.csv,5.2244247e-06,-3.5176733567183945e-11
154,/run/media/einstein/Elements/CR160_data/CR160_-1353V_LED_3.7V_1kHz_29.8ns_20us_SyncTrigger/C4--w--03705.csv,2.6672739e-06,-1.3459651246283978e-12
155,/run/media/einstein/Elements/CR160_data/CR160_-1353V_LED_3.7V_1kHz_29.8ns_20us_SyncTrigger/C4--w--03722.csv,5.7586812e-06,-1.9944991252364178e-11
156,/run/media/einstein/Elements/CR160_data/CR160_-1353V_LED_3.7V_1kHz_29.8ns_20us_SyncTrigger/C4--w--03722.csv,9.0992812e-06,-1.9642900692360968e-11
157,/run/media/einstein/Elements/CR160_data/CR160_-1353V_LED_3.7V_1kHz_29.8ns_20us_SyncTrigger/C4--w--03854.csv,1.5234533e-06,-2.9305198591023114e-11
158,/run/media/einstein/Elements/CR160_data/CR160_-1353V_LED_3.7V_1kHz_29.8ns_20us_SyncTrigger/C4--w--03933.csv,1.319669e-05,-2.4449939612777137e-11
159,/run/media/einstein/Elements/CR160_data/CR160_-1353V_LED_3.7V_1kHz_29.8ns_20us_SyncTrigger/C4--w--03936.csv,1.4872842e-05,-3.441497859331899e-11
160,/run/media/einstein/Elements/CR160_data/CR160_-1353V_LED_3.7V_1kHz_29.8ns_20us_SyncTrigger/C4--w--03944.csv,4.8520317e-06,-1.0828560033877669e-12
161,/run/media/einstein/Elements/CR160_data/CR160_-1353V_LED_3.7V_1kHz_29.8ns_20us_SyncTrigger/C4--w--03944.csv,1.2629032e-05,-4.367660882338856e-11
162,/run/media/einstein/Elements/CR160_data/CR160_-1353V_LED_3.7V_1kHz_29.8ns_20us_SyncTrigger/C4--w--03944.csv,1.2627432e-05,-4.347869211338813e-11
163,/run/media/einstein/Elements/CR160_data/CR160_-1353V_LED_3.7V_1kHz_29.8ns_20us_SyncTrigger/C4--w--03944.csv,1.6913032e-05,-3.9759941683386416e-11
164,/run/media/einstein/Elements/CR160_data/CR160_-1353V_LED_3.7V_1kHz_29.8ns_20us_SyncTrigger/C4--w--03959.csv,3.3853438e-06,-1.2249142695961497e-11
165,/run/media/einstein/Elements/CR160_data/CR160_-1353V_LED_3.7V_1kHz_29.8ns_20us_SyncTrigger/C4--w--03959.csv,9.8957438e-06,-4.0644967015961425e-11
166,/run/media/einstein/Elements/CR160_data/CR160_-1353V_LED_3.7V_1kHz_29.8ns_20us_SyncTrigger/C4--w--04083.csv,1.3661679e-05,-4.839914016517019e-11
167,/run/media/einstein/Elements/CR160_data/CR160_-1353V_LED_3.7V_1kHz_29.8ns_20us_SyncTrigger/C4--w--04105.csv,3.3192105e-06,-4.004160989132343e-11
168,/run/media/einstein/Elements/CR160_data/CR160_-1353V_LED_3.7V_1kHz_29.8ns_20us_SyncTrigger/C4--w--04185.csv,1.1194435e-05,-4.019226488448614e-11
169,/run/media/einstein/Elements/CR160_data/CR160_-1353V_LED_3.7V_1kHz_29.8ns_20us_SyncTrigger/C4--w--04189.csv,3.0686975e-06,-1.5260533388997404e-11
170,/run/media/einstein/Elements/CR160_data/CR160_-1353V_LED_3.7V_1kHz_29.8ns_20us_SyncTrigger/C4--w--04189.csv,3.2806975e-06,-1.6448911088900077e-10
171,/run/media/einstein/Elements/CR160_data/CR160_-1353V_LED_3.7V_1kHz_29.8ns_20us_SyncTrigger/C4--w--04189.csv,3.2790975e-06,-1.7725994322900176e-10
172,/run/media/einstein/Elements/CR160_data/CR160_-1353V_LED_3.7V_1kHz_29.8ns_20us_SyncTrigger/C4--w--04189.csv,3.2796975e-06,-1.728120274890014e-10
173,/run/media/einstein/Elements/CR160_data/CR160_-1353V_LED_3.7V_1kHz_29.8ns_20us_SyncTrigger/C4--w--04205.csv,5.9407662e-06,-4.234727404408697e-11
174,/run/media/einstein/Elements/CR160_data/CR160_-1353V_LED_3.7V_1kHz_29.8ns_20us_SyncTrigger/C4--w--04205.csv,5.9391662e-06,-4.17014407640873e-11
175,/run/media/einstein/Elements/CR160_data/CR160_-1353V_LED_3.7V_1kHz_29.8ns_20us_SyncTrigger/C4--w--04214.csv,7.7253776e-06,-2.7193073727285418e-11
176,/run/media/einstein/Elements/CR160_data/CR160_-1353V_LED_3.7V_1kHz_29.8ns_20us_SyncTrigger/C4--w--04323.csv,6.3276233e-06,-2.8154690448525233e-11
177,/run/media/einstein/Elements/CR160_data/CR160_-1353V_LED_3.7V_1kHz_29.8ns_20us_SyncTrigger/C4--w--04323.csv,6.3266233e-06,-2.7550523908525495e-11
178,/run/media/einstein/Elements/CR160_data/CR160_-1353V_LED_3.7V_1kHz_29.8ns_20us_SyncTrigger/C4--w--04340.csv,8.2720533e-06,1.7510777642210595e-12
179,/run/media/einstein/Elements/CR160_data/CR160_-1353V_LED_3.7V_1kHz_29.8ns_20us_SyncTrigger/C4--w--04340.csv,8.2612533e-06,1.4691506422327886e-13
180,/run/media/einstein/Elements/CR160_data/CR160_-1353V_LED_3.7V_1kHz_29.8ns_20us_SyncTrigger/C4--w--04283.csv,1.7992254e-05,-2.1242274865621056e-11
181,/run/media/einstein/Elements/CR160_data/CR160_-1353V_LED_3.7V_1kHz_29.8ns_20us_SyncTrigger/C4--w--04407.csv,1.0128064e-06,-3.762046379748395e-11
182,/run/media/einstein/Elements/CR160_data/CR160_-1353V_LED_3.7V_1kHz_29.8ns_20us_SyncTrigger/C4--w--04565.csv,1.375966e-05,2.340483422540699e-12
183,/run/media/einstein/Elements/CR160_data/CR160_-1353V_LED_3.7V_1kHz_29.8ns_20us_SyncTrigger/C4--w--04582.csv,1.3430911e-05,-2.653014632920903e-11
184,/run/media/einstein/Elements/CR160_data/CR160_-1353V_LED_3.7V_1kHz_29.8ns_20us_SyncTrigger/C4--w--04626.csv,2.1370696e-06,-3.658384045820123e-11
185,/run/media/einstein/Elements/CR160_data/CR160_-1353V_LED_3.7V_1kHz_29.8ns_20us_SyncTrigger/C4--w--04572.csv,6.1197146e-07,-3.516655306388705e-11
186,/run/media/einstein/Elements/CR160_data/CR160_-1353V_LED_3.7V_1kHz_29.8ns_20us_SyncTrigger/C4--w--04572.csv,6.1117146e-07,-3.522905306388707e-11
187,/run/media/einstein/Elements/CR160_data/CR160_-1353V_LED_3.7V_1kHz_29.8ns_20us_SyncTrigger/C4--w--04572.csv,6.1117146e-07,-3.522905306388707e-11
188,/run/media/einstein/Elements/CR160_data/CR160_-1353V_LED_3.7V_1kHz_29.8ns_20us_SyncTrigger/C4--w--04734.csv,8.1946341e-06,-3.3534795951628625e-11
189,/run/media/einstein/Elements/CR160_data/CR160_-1353V_LED_3.7V_1kHz_29.8ns_20us_SyncTrigger/C4--w--04822.csv,1.010015e-05,-4.440333864198871e-11
190,/run/media/einstein/Elements/CR160_data/CR160_-1353V_LED_3.7V_1kHz_29.8ns_20us_SyncTrigger/C4--w--04851.csv,5.4180349e-06,-2.2461156136852962e-11
191,/run/media/einstein/Elements/CR160_data/CR160_-1353V_LED_3.7V_1kHz_29.8ns_20us_SyncTrigger/C4--w--04851.csv,7.5176349e-06,-3.283615108685238e-11
192,/run/media/einstein/Elements/CR160_data/CR160_-1353V_LED_3.7V_1kHz_29.8ns_20us_SyncTrigger/C4--w--04903.csv,1.969275e-07,-1.492187625790169e-11
193,/run/media/einstein/Elements/CR160_data/CR160_-1353V_LED_3.7V_1kHz_29.8ns_20us_SyncTrigger/C4--w--04903.csv,4.8611275e-06,-2.363020503790163e-11
194,/run/media/einstein/Elements/CR160_data/CR160_-1353V_LED_3.7V_1kHz_29.8ns_20us_SyncTrigger/C4--w--04903.csv,1.8746328e-05,-3.9421886617906975e-11
195,/run/media/einstein/Elements/CR160_data/CR160_-1353V_LED_3.7V_1kHz_29.8ns_20us_SyncTrigger/C4--w--04917.csv,9.2565383e-06,-4.430506634516136e-11
196,/run/media/einstein/Elements/CR160_data/CR160_-1353V_LED_3.7V_1kHz_29.8ns_20us_SyncTrigger/C4--w--04917.csv,9.2517383e-06,-4.4221732815161434e-11
197,/run/media/einstein/Elements/CR160_data/CR160_-1353V_LED_3.7V_1kHz_29.8ns_20us_SyncTrigger/C4--w--04918.csv,5.0974655e-06,-1.7413408052838156e-11
198,/run/media/einstein/Elements/CR160_data/CR160_-1353V_LED_3.7V_1kHz_29.8ns_20us_SyncTrigger/C4--w--04920.csv,1.4265877e-05,-1.8992031017209493e-11
199,/run/media/einstein/Elements/CR160_data/CR160_-1353V_LED_3.7V_1kHz_29.8ns_20us_SyncTrigger/C4--w--04920.csv,1.6064277e-05,-4.453368749721236e-11
200,/run/media/einstein/Elements/CR160_data/CR160_-1353V_LED_3.7V_1kHz_29.8ns_20us_SyncTrigger/C4--w--04935.csv,1.8936986e-05,-4.4694912301289495e-11
201,/run/media/einstein/Elements/CR160_data/CR160_-1353V_LED_3.7V_1kHz_29.8ns_20us_SyncTrigger/C4--w--05019.csv,1.8514157e-06,-2.913741595814482e-11
202,/run/media/einstein/Elements/CR160_data/CR160_-1353V_LED_3.7V_1kHz_29.8ns_20us_SyncTrigger/C4--w--05046.csv,1.8698841e-05,-2.9607179147119256e-11
203,/run/media/einstein/Elements/CR160_data/CR160_-1353V_LED_3.7V_1kHz_29.8ns_20us_SyncTrigger/C4--w--05069.csv,1.0183974e-05,-3.2844287316312005e-13
204,/run/media/einstein/Elements/CR160_data/CR160_-1353V_LED_3.7V_1kHz_29.8ns_20us_SyncTrigger/C4--w--05094.csv,7.2946899e-07,-2.1803137594663367e-11
205,/run/media/einstein/Elements/CR160_data/CR160_-1353V_LED_3.7V_1kHz_29.8ns_20us_SyncTrigger/C4--w--05109.csv,1.4348564e-05,-1.921366579121635e-11
206,/run/media/einstein/Elements/CR160_data/CR160_-1353V_LED_3.7V_1kHz_29.8ns_20us_SyncTrigger/C4--w--05118.csv,1.3566372e-05,2.1410817115163496e-12
207,/run/media/einstein/Elements/CR160_data/CR160_-1353V_LED_3.7V_1kHz_29.8ns_20us_SyncTrigger/C4--w--05128.csv,1.2161296e-05,-4.1774815086887306e-11
208,/run/media/einstein/Elements/CR160_data/CR160_-1353V_LED_3.7V_1kHz_29.8ns_20us_SyncTrigger/C4--w--05147.csv,1.4492309e-05,3.912196970183524e-13
209,/run/media/einstein/Elements/CR160_data/CR160_-1353V_LED_3.7V_1kHz_29.8ns_20us_SyncTrigger/C4--w--05185.csv,1.2069405e-05,-4.3067949388517814e-11
210,/run/media/einstein/Elements/CR160_data/CR160_-1353V_LED_3.7V_1kHz_29.8ns_20us_SyncTrigger/C4--w--05207.csv,3.609526e-06,-3.4442838922088695e-11
211,/run/media/einstein/Elements/CR160_data/CR160_-1353V_LED_3.7V_1kHz_29.8ns_20us_SyncTrigger/C4--w--05213.csv,1.4240751e-05,-1.548746526745327e-10
212,/run/media/einstein/Elements/CR160_data/CR160_-1353V_LED_3.7V_1kHz_29.8ns_20us_SyncTrigger/C4--w--05213.csv,1.4238151e-05,-1.6044756872453385e-10
213,/run/media/einstein/Elements/CR160_data/CR160_-1353V_LED_3.7V_1kHz_29.8ns_20us_SyncTrigger/C4--w--05241.csv,1.7226753e-05,-3.4990763060143677e-11
214,/run/media/einstein/Elements/CR160_data/CR160_-1353V_LED_3.7V_1kHz_29.8ns_20us_SyncTrigger/C4--w--05253.csv,7.4589344e-07,-1.6847553878757526e-11
215,/run/media/einstein/Elements/CR160_data/CR160_-1353V_LED_3.7V_1kHz_29.8ns_20us_SyncTrigger/C4--w--05279.csv,1.5100432e-05,-3.8838904237516336e-11
216,/run/media/einstein/Elements/CR160_data/CR160_-1353V_LED_3.7V_1kHz_29.8ns_20us_SyncTrigger/C4--w--05291.csv,4.2305901e-06,-1.2064436055922621e-11
217,/run/media/einstein/Elements/CR160_data/CR160_-1353V_LED_3.7V_1kHz_29.8ns_20us_SyncTrigger/C4--w--05296.csv,2.2555866e-06,-2.7660548305511783e-11
218,/run/media/einstein/Elements/CR160_data/CR160_-1353V_LED_3.7V_1kHz_29.8ns_20us_SyncTrigger/C4--w--05323.csv,8.5043505e-06,3.280461030634466e-12
219,/run/media/einstein/Elements/CR160_data/CR160_-1353V_LED_3.7V_1kHz_29.8ns_20us_SyncTrigger/C4--w--05386.csv,5.0558154e-06,-4.295036345433416e-11
220,/run/media/einstein/Elements/CR160_data/CR160_-1353V_LED_3.7V_1kHz_29.8ns_20us_SyncTrigger/C4--w--05386.csv,5.0556154e-06,-4.267953048433396e-11
221,/run/media/einstein/Elements/CR160_data/CR160_-1353V_LED_3.7V_1kHz_29.8ns_20us_SyncTrigger/C4--w--05390.csv,1.4467316e-05,-4.4330646049207606e-11
222,/run/media/einstein/Elements/CR160_data/CR160_-1353V_LED_3.7V_1kHz_29.8ns_20us_SyncTrigger/C4--w--05444.csv,2.2359182e-06,-3.257677518174428e-12
223,/run/media/einstein/Elements/CR160_data/CR160_-1353V_LED_3.7V_1kHz_29.8ns_20us_SyncTrigger/C4--w--05445.csv,3.5758911e-06,-2.2834714056710667e-11
224,/run/media/einstein/Elements/CR160_data/CR160_-1353V_LED_3.7V_1kHz_29.8ns_20us_SyncTrigger/C4--w--05445.csv,1.5693091e-05,-3.762636592670287e-11
225,/run/media/einstein/Elements/CR160_data/CR160_-1353V_LED_3.7V_1kHz_29.8ns_20us_SyncTrigger/C4--w--05371.csv,1.4162082e-05,-4.5652079741650263e-11
226,/run/media/einstein/Elements/CR160_data/CR160_-1353V_LED_3.7V_1kHz_29.8ns_20us_SyncTrigger/C4--w--05422.csv,1.3453033e-05,-1.940676851371006e-11
227,/run/media/einstein/Elements/CR160_data/CR160_-1353V_LED_3.7V_1kHz_29.8ns_20us_SyncTrigger/C4--w--05457.csv,2.9242163e-06,-3.1591631968225876e-11
228,/run/media/einstein/Elements/CR160_data/CR160_-1353V_LED_3.7V_1kHz_29.8ns_20us_SyncTrigger/C4--w--05515.csv,2.0782579e-06,-2.2582653857378803e-11
229,/run/media/einstein/Elements/CR160_data/CR160_-1353V_LED_3.7V_1kHz_29.8ns_20us_SyncTrigger/C4--w--05515.csv,2.5720579e-06,-2.306182167737872e-11
230,/run/media/einstein/Elements/CR160_data/CR160_-1353V_LED_3.7V_1kHz_29.8ns_20us_SyncTrigger/C4--w--05568.csv,5.9398504e-06,-4.665184596649287e-11
231,/run/media/einstein/Elements/CR160_data/CR160_-1353V_LED_3.7V_1kHz_29.8ns_20us_SyncTrigger/C4--w--05568.csv,5.9384504e-06,-4.6089345766492487e-11
232,/run/media/einstein/Elements/CR160_data/CR160_-1353V_LED_3.7V_1kHz_29.8ns_20us_SyncTrigger/C4--w--05579.csv,9.4406498e-06,-3.003103710591218e-11
233,/run/media/einstein/Elements/CR160_data/CR160_-1353V_LED_3.7V_1kHz_29.8ns_20us_SyncTrigger/C4--w--05645.csv,5.8914218e-06,-3.356458910424735e-11
234,/run/media/einstein/Elements/CR160_data/CR160_-1353V_LED_3.7V_1kHz_29.8ns_20us_SyncTrigger/C4--w--05645.csv,5.8902218e-06,-3.316875594424723e-11
235,/run/media/einstein/Elements/CR160_data/CR160_-1353V_LED_3.7V_1kHz_29.8ns_20us_SyncTrigger/C4--w--05645.csv,5.8878218e-06,-3.331458880424706e-11
236,/run/media/einstein/Elements/CR160_data/CR160_-1353V_LED_3.7V_1kHz_29.8ns_20us_SyncTrigger/C4--w--05645.csv,1.9083022e-05,-4.2012516204249696e-11
237,/run/media/einstein/Elements/CR160_data/CR160_-1353V_LED_3.7V_1kHz_29.8ns_20us_SyncTrigger/C4--w--05692.csv,4.3581444e-06,-2.5255624683437017e-11
238,/run/media/einstein/Elements/CR160_data/CR160_-1353V_LED_3.7V_1kHz_29.8ns_20us_SyncTrigger/C4--w--05609.csv,1.6770035e-05,-2.79389855298611e-11
239,/run/media/einstein/Elements/CR160_data/CR160_-1353V_LED_3.7V_1kHz_29.8ns_20us_SyncTrigger/C4--w--05758.csv,8.5847412e-06,-2.5805797766203404e-12
240,/run/media/einstein/Elements/CR160_data/CR160_-1353V_LED_3.7V_1kHz_29.8ns_20us_SyncTrigger/C4--w--05758.csv,1.2631141e-05,-4.152851709661883e-11
241,/run/media/einstein/Elements/CR160_data/CR160_-1353V_LED_3.7V_1kHz_29.8ns_20us_SyncTrigger/C4--w--05788.csv,2.2969004e-06,-2.295665641556147e-11
242,/run/media/einstein/Elements/CR160_data/CR160_-1353V_LED_3.7V_1kHz_29.8ns_20us_SyncTrigger/C4--w--05792.csv,7.7566009e-06,-4.78506235487835e-11
243,/run/media/einstein/Elements/CR160_data/CR160_-1353V_LED_3.7V_1kHz_29.8ns_20us_SyncTrigger/C4--w--05825.csv,1.5600886e-05,2.164458921158946e-13
244,/run/media/einstein/Elements/CR160_data/CR160_-1353V_LED_3.7V_1kHz_29.8ns_20us_SyncTrigger/C4--w--05827.csv,1.5594294e-05,-2.461247278365973e-11
245,/run/media/einstein/Elements/CR160_data/CR160_-1353V_LED_3.7V_1kHz_29.8ns_20us_SyncTrigger/C4--w--05849.csv,6.3276597e-06,3.488295615255492e-13
246,/run/media/einstein/Elements/CR160_data/CR160_-1353V_LED_3.7V_1kHz_29.8ns_20us_SyncTrigger/C4--w--05849.csv,6.5270597e-06,-3.2865762284750077e-12
247,/run/media/einstein/Elements/CR160_data/CR160_-1353V_LED_3.7V_1kHz_29.8ns_20us_SyncTrigger/C4--w--05854.csv,6.3743371e-06,-2.1325136474603945e-11
248,/run/media/einstein/Elements/CR160_data/CR160_-1353V_LED_3.7V_1kHz_29.8ns_20us_SyncTrigger/C4--w--05900.csv,1.4760357e-05,-4.119536137311345e-11
249,/run/media/einstein/Elements/CR160_data/CR160_-1353V_LED_3.7V_1kHz_29.8ns_20us_SyncTrigger/C4--w--05905.csv,1.396396e-05,-2.7099300457518717e-11
250,/run/media/einstein/Elements/CR160_data/CR160_-1353V_LED_3.7V_1kHz_29.8ns_20us_SyncTrigger/C4--w--05935.csv,7.8917391e-06,-4.1054383438601514e-11
251,/run/media/einstein/Elements/CR160_data/CR160_-1353V_LED_3.7V_1kHz_29.8ns_20us_SyncTrigger/C4--w--05985.csv,6.2349744e-06,-3.4423716139066686e-11
252,/run/media/einstein/Elements/CR160_data/CR160_-1353V_LED_3.7V_1kHz_29.8ns_20us_SyncTrigger/C4--w--05864.csv,3.9155648e-06,-2.356066753650236e-11
253,/run/media/einstein/Elements/CR160_data/CR160_-1353V_LED_3.7V_1kHz_29.8ns_20us_SyncTrigger/C4--w--06032.csv,1.902588e-07,-3.112815511880413e-11
254,/run/media/einstein/Elements/CR160_data/CR160_-1353V_LED_3.7V_1kHz_29.8ns_20us_SyncTrigger/C4--w--06032.csv,1.902588e-07,-3.112815511880413e-11
255,/run/media/einstein/Elements/CR160_data/CR160_-1353V_LED_3.7V_1kHz_29.8ns_20us_SyncTrigger/C4--w--06112.csv,9.6690329e-06,-2.8071238956972702e-11
256,/run/media/einstein/Elements/CR160_data/CR160_-1353V_LED_3.7V_1kHz_29.8ns_20us_SyncTrigger/C4--w--06112.csv,9.6662329e-06,-2.753998900697251e-11
257,/run/media/einstein/Elements/CR160_data/CR160_-1353V_LED_3.7V_1kHz_29.8ns_20us_SyncTrigger/C4--w--06133.csv,4.3849281e-06,-2.7604565041878447e-12
258,/run/media/einstein/Elements/CR160_data/CR160_-1353V_LED_3.7V_1kHz_29.8ns_20us_SyncTrigger/C4--w--06133.csv,1.2009328e-05,-1.4250046464187565e-11
259,/run/media/einstein/Elements/CR160_data/CR160_-1353V_LED_3.7V_1kHz_29.8ns_20us_SyncTrigger/C4--w--06133.csv,1.8473728e-05,-4.4916714064187046e-11
260,/run/media/einstein/Elements/CR160_data/CR160_-1353V_LED_3.7V_1kHz_29.8ns_20us_SyncTrigger/C4--w--06145.csv,8.6904917e-06,-2.208356991080817e-12
261,/run/media/einstein/Elements/CR160_data/CR160_-1353V_LED_3.7V_1kHz_29.8ns_20us_SyncTrigger/C4--w--06145.csv,8.6796917e-06,-1.6666945710795418e-12
262,/run/media/einstein/Elements/CR160_data/CR160_-1353V_LED_3.7V_1kHz_29.8ns_20us_SyncTrigger/C4--w--06224.csv,4.077124e-06,-2.486982894125692e-11
263,/run/media/einstein/Elements/CR160_data/CR160_-1353V_LED_3.7V_1kHz_29.8ns_20us_SyncTrigger/C4--w--06224.csv,1.2306524e-05,-2.8536493341257892e-11
264,/run/media/einstein/Elements/CR160_data/CR160_-1353V_LED_3.7V_1kHz_29.8ns_20us_SyncTrigger/C4--w--06262.csv,4.9119723e-06,-2.5216536744628222e-11
265,/run/media/einstein/Elements/CR160_data/CR160_-1353V_LED_3.7V_1kHz_29.8ns_20us_SyncTrigger/C4--w--06274.csv,3.4436859e-06,-4.969144473497023e-11
266,/run/media/einstein/Elements/CR160_data/CR160_-1353V_LED_3.7V_1kHz_29.8ns_20us_SyncTrigger/C4--w--06274.csv,3.4402859e-06,-4.938936112497022e-11
267,/run/media/einstein/Elements/CR160_data/CR160_-1353V_LED_3.7V_1kHz_29.8ns_20us_SyncTrigger/C4--w--06293.csv,8.2305141e-06,-4.346938183936867e-11
268,/run/media/einstein/Elements/CR160_data/CR160_-1353V_LED_3.7V_1kHz_29.8ns_20us_SyncTrigger/C4--w--06293.csv,1.6002514e-05,-4.1573547749368654e-11
269,/run/media/einstein/Elements/CR160_data/CR160_-1353V_LED_3.7V_1kHz_29.8ns_20us_SyncTrigger/C4--w--06294.csv,1.0632079e-05,-2.2878210177503243e-11
270,/run/media/einstein/Elements/CR160_data/CR160_-1353V_LED_3.7V_1kHz_29.8ns_20us_SyncTrigger/C4--w--06294.csv,1.3956079e-05,-3.3899045677500677e-11
271,/run/media/einstein/Elements/CR160_data/CR160_-1353V_LED_3.7V_1kHz_29.8ns_20us_SyncTrigger/C4--w--06319.csv,3.5423027e-07,-5.068909874357098e-11
272,/run/media/einstein/Elements/CR160_data/CR160_-1353V_LED_3.7V_1kHz_29.8ns_20us_SyncTrigger/C4--w--06319.csv,1.871623e-05,-3.736619198357158e-11
273,/run/media/einstein/Elements/CR160_data/CR160_-1353V_LED_3.7V_1kHz_29.8ns_20us_SyncTrigger/C4--w--06327.csv,7.1162538e-06,-3.840950648472321e-11
274,/run/media/einstein/Elements/CR160_data/CR160_-1353V_LED_3.7V_1kHz_29.8ns_20us_SyncTrigger/C4--w--06338.csv,1.2549118e-06,-2.5527003864030022e-12
275,/run/media/einstein/Elements/CR160_data/CR160_-1353V_LED_3.7V_1kHz_29.8ns_20us_SyncTrigger/C4--w--06338.csv,3.6101118e-06,-2.9656873016402735e-11
276,/run/media/einstein/Elements/CR160_data/CR160_-1353V_LED_3.7V_1kHz_29.8ns_20us_SyncTrigger/C4--w--06359.csv,1.0041125e-05,-1.4235935897336474e-11
277,/run/media/einstein/Elements/CR160_data/CR160_-1353V_LED_3.7V_1kHz_29.8ns_20us_SyncTrigger/C4--w--06414.csv,1.4818378e-05,-2.933748002141358e-11
278,/run/media/einstein/Elements/CR160_data/CR160_-1353V_LED_3.7V_1kHz_29.8ns_20us_SyncTrigger/C4--w--06444.csv,7.5523097e-06,-3.3080773481428775e-11
279,/run/media/einstein/Elements/CR160_data/CR160_-1353V_LED_3.7V_1kHz_29.8ns_20us_SyncTrigger/C4--w--06508.csv,1.1192155e-05,-3.639864131747502e-11
280,/run/media/einstein/Elements/CR160_data/CR160_-1353V_LED_3.7V_1kHz_29.8ns_20us_SyncTrigger/C4--w--06425.csv,5.6889266e-06,-3.149890441791807e-11
281,/run/media/einstein/Elements/CR160_data/CR160_-1353V_LED_3.7V_1kHz_29.8ns_20us_SyncTrigger/C4--w--05983.csv,1.0493222e-05,-3.59309200707673e-11
282,/run/media/einstein/Elements/CR160_data/CR160_-1353V_LED_3.7V_1kHz_29.8ns_20us_SyncTrigger/C4--w--06550.csv,2.3210419e-06,-9.606451928498563e-11
283,/run/media/einstein/Elements/CR160_data/CR160_-1353V_LED_3.7V_1kHz_29.8ns_20us_SyncTrigger/C4--w--06550.csv,2.3160419e-06,-9.661660218498558e-11
284,/run/media/einstein/Elements/CR160_data/CR160_-1353V_LED_3.7V_1kHz_29.8ns_20us_SyncTrigger/C4--w--06550.csv,2.3172419e-06,-9.55749362149855e-11
285,/run/media/einstein/Elements/CR160_data/CR160_-1353V_LED_3.7V_1kHz_29.8ns_20us_SyncTrigger/C4--w--06587.csv,1.1297113e-05,-3.389927260130642e-11
286,/run/media/einstein/Elements/CR160_data/CR160_-1353V_LED_3.7V_1kHz_29.8ns_20us_SyncTrigger/C4--w--06591.csv,1.1888939e-05,-1.1524831930187024e-12
287,/run/media/einstein/Elements/CR160_data/CR160_-1353V_LED_3.7V_1kHz_29.8ns_20us_SyncTrigger/C4--w--06602.csv,4.2407167e-06,-2.3977269894620084e-11
288,/run/media/einstein/Elements/CR160_data/CR160_-1353V_LED_3.7V_1kHz_29.8ns_20us_SyncTrigger/C4--w--06644.csv,4.2579977e-06,-3.364008221318069e-11
289,/run/media/einstein/Elements/CR160_data/CR160_-1353V_LED_3.7V_1kHz_29.8ns_20us_SyncTrigger/C4--w--06666.csv,1.6897031e-05,-2.6107140713740363e-11
290,/run/media/einstein/Elements/CR160_data/CR160_-1353V_LED_3.7V_1kHz_29.8ns_20us_SyncTrigger/C4--w--06676.csv,3.5518061e-06,-5.534445250623836e-12
291,/run/media/einstein/Elements/CR160_data/CR160_-1353V_LED_3.7V_1kHz_29.8ns_20us_SyncTrigger/C4--w--06682.csv,2.7705292e-06,-3.8672059046068803e-11
292,/run/media/einstein/Elements/CR160_data/CR160_-1353V_LED_3.7V_1kHz_29.8ns_20us_SyncTrigger/C4--w--06682.csv,2.7677292e-06,-3.881789296606857e-11
293,/run/media/einstein/Elements/CR160_data/CR160_-1353V_LED_3.7V_1kHz_29.8ns_20us_SyncTrigger/C4--w--06740.csv,2.0887656e-06,-3.931638733256398e-11
294,/run/media/einstein/Elements/CR160_data/CR160_-1353V_LED_3.7V_1kHz_29.8ns_20us_SyncTrigger/C4--w--06755.csv,2.9240867e-06,-6.738139736177876e-13
295,/run/media/einstein/Elements/CR160_data/CR160_-1353V_LED_3.7V_1kHz_29.8ns_20us_SyncTrigger/C4--w--06759.csv,1.4618468e-05,-3.329269202160805e-11
296,/run/media/einstein/Elements/CR160_data/CR160_-1353V_LED_3.7V_1kHz_29.8ns_20us_SyncTrigger/C4--w--06578.csv,1.4965117e-05,-2.6682538477931565e-11
297,/run/media/einstein/Elements/CR160_data/CR160_-1353V_LED_3.7V_1kHz_29.8ns_20us_SyncTrigger/C4--w--06820.csv,1.4661118e-06,-4.4135559207384174e-11
298,/run/media/einstein/Elements/CR160_data/CR160_-1353V_LED_3.7V_1kHz_29.8ns_20us_SyncTrigger/C4--w--06842.csv,1.6014886e-05,-3.1641323666911876e-11
299,/run/media/einstein/Elements/CR160_data/CR160_-1353V_LED_3.7V_1kHz_29.8ns_20us_SyncTrigger/C4--w--06940.csv,1.0215278e-06,-9.542643631498605e-11
300,/run/media/einstein/Elements/CR160_data/CR160_-1353V_LED_3.7V_1kHz_29.8ns_20us_SyncTrigger/C4--w--06940.csv,1.0187278e-06,-9.564518665498605e-11
301,/run/media/einstein/Elements/CR160_data/CR160_-1353V_LED_3.7V_1kHz_29.8ns_20us_SyncTrigger/C4--w--06956.csv,1.6963104e-05,-2.5463161277621004e-11
302,/run/media/einstein/Elements/CR160_data/CR160_-1353V_LED_3.7V_1kHz_29.8ns_20us_SyncTrigger/C4--w--06956.csv,1.6960704e-05,-2.4733994527623106e-11
303,/run/media/einstein/Elements/CR160_data/CR160_-1353V_LED_3.7V_1kHz_29.8ns_20us_SyncTrigger/C4--w--06970.csv,1.7524742e-05,-4.7674404973043074e-11
304,/run/media/einstein/Elements/CR160_data/CR160_-1353V_LED_3.7V_1kHz_29.8ns_20us_SyncTrigger/C4--w--06996.csv,3.4144169e-06,-3.133533648676048e-11
